family_id,mode,reviewer,correctness_0_1_2,factual_claims,notes
F002,baseline,,,,,
F005,baseline,,,,,
F008,baseline,,,,,
F014,baseline,,,,,
F015,baseline,,,,,
F016,baseline,,,,,
F019,baseline,,,,,
F020,baseline,,,,,
F021,baseline,,,,,
F022,baseline,,,,,
F024,baseline,,,,,
F025,baseline,,,,,
F028,baseline,,,,,
F030,baseline,,,,,
F031,baseline,,,,,
F033,baseline,,,,,
F038,baseline,,,,,
F041,baseline,,,,,
F043,baseline,,,,,
F044,baseline,,,,,
F047,baseline,,,,,
F051,baseline,,,,,
F055,baseline,,,,,
F058,baseline,,,,,
F063,baseline,,,,,
F067,baseline,,,,,
F070,baseline,,,,,
F071,baseline,,,,,
F072,baseline,,,,,
F076,baseline,,,,,
F085,baseline,,,,,
F088,baseline,,,,,
F090,baseline,,,,,
F093,baseline,,,,,
F096,baseline,,,,,
F002,fixture,,,,,
F005,fixture,,,,,
F008,fixture,,,,,
F014,fixture,,,,,
F015,fixture,,,,,
F016,fixture,,,,,
F019,fixture,,,,,
F020,fixture,,,,,
F021,fixture,,,,,
F022,fixture,,,,,
F024,fixture,,,,,
F025,fixture,,,,,
F028,fixture,,,,,
F030,fixture,,,,,
F031,fixture,,,,,
F033,fixture,,,,,
F038,fixture,,,,,
F041,fixture,,,,,
F043,fixture,,,,,
F044,fixture,,,,,
F047,fixture,,,,,
F051,fixture,,,,,
F055,fixture,,,,,
F058,fixture,,,,,
F063,fixture,,,,,
F067,fixture,,,,,
F070,fixture,,,,,
F071,fixture,,,,,
F072,fixture,,,,,
F076,fixture,,,,,
F085,fixture,,,,,
F088,fixture,,,,,
F090,fixture,,,,,
F093,fixture,,,,,
F096,fixture,,,,,
